INSERT INTO Headquarters
    (CompanyName, NumberOfHotels, StreetNumber, StreetName, City, State, PostalCode)
VALUES
    ('Tipton Hotels', 8, 123, 'London Rd.', 'London', 'London', 'N5V 0A2'),
    ('Mariott', 8, 1, 'March Way', 'New York', 'New York', '01901'),
    ('Holiday Inn', 8, 1, 'New Road', 'Tulsa', 'Oklahoma', '163849'),
    ('BrookStreet Hotels', 8, 1, 'Palladium Way.', 'Ottawa', 'Ontario', 'K1N 7C4'),
    ('WestIn Hotels', 8, 3, 'Main Street', 'Toronto', 'Ontario', 'K2C 9D5');

INSERT INTO Hotel 
    (HotelID, CompanyName, Category, NumberOfRooms, StreetNumber, StreetName, City, State, PostalCode)
VALUES
    (1, 'Tipton Hotels', '5-Star', 5, 1, 'Toronto Ave.', 'Toronto', 'Ontario', 'K1K 3C6'),
    (2, 'Tipton Hotels', '5-Star', 5, 5, 'Raptors Way', 'Toronto', 'Ontario', 'K4K 7C6'),
    (3, 'Tipton Hotels', '5-Star', 5, 1, 'Parliament Ave.', 'Ottawa', 'Ontario', 'K1J 3C6'),
    (4, 'Tipton Hotels', '4-Star', 5, 6, 'Vancouver Ave.', 'Vancouver', 'British Columbia', 'N1K 3C6'),
    (5, 'Tipton Hotels', '4-Star', 5, 1, 'Edmonton Ave.', 'Edmonton', 'Ontario', 'K1K 3C6'),
    (6, 'Tipton Hotels', '4-Star', 5, 1, 'West Vancouver Ave.', 'Vancouver', 'British Columbia', 'M1K 3C6'),
    (7, 'Tipton Hotels', '3-Star', 5, 1, 'New York Ave.', 'Los Angelos', 'California', '90210'),
    (8, 'Tipton Hotels', '3-Star', 5, 1, 'Boardwalk Ave.', 'Toronto', 'Ontario', 'K4K 3C6');

INSERT INTO Hotel 
    (HotelID, CompanyName, Category, NumberOfRooms, StreetNumber, StreetName, City, State, PostalCode)
VALUES
    (1, 'Tipton Hotels', '5-Star', 5, 1, 'Toronto Ave.', 'Toronto', 'Ontario', 'K1K 3C6'),
    (2, 'Tipton Hotels', '5-Star', 5, 5, 'Raptors Way', 'Toronto', 'Ontario', 'K4K 7C6'),
    (3, 'Tipton Hotels', '5-Star', 5, 1, 'Parliament Ave.', 'Ottawa', 'Ontario', 'K1J 3C6'),
    (4, 'Tipton Hotels', '4-Star', 5, 6, 'Vancouver Ave.', 'Vancouver', 'British Columbia', 'N1K 3C6'),
    (5, 'Tipton Hotels', '4-Star', 5, 1, 'Edmonton Ave.', 'Edmonton', 'Ontario', 'K1K 3C6'),
    (6, 'Tipton Hotels', '4-Star', 5, 1, 'West Vancouver Ave.', 'Vancouver', 'British Columbia', 'M1K 3C6'),
    (7, 'Tipton Hotels', '3-Star', 5, 1, 'New York Ave.', 'Los Angelos', 'California', '90210'),
    (8, 'Tipton Hotels', '3-Star', 5, 1, 'Boardwalk Ave.', 'Toronto', 'Ontario', 'K4K 3C6');

INSERT INTO Hotel 
    (HotelID, CompanyName, Category, NumberOfRooms, StreetNumber, StreetName, City, State, PostalCode)
VALUES
    (1, 'Mariott', '5-Star', 5, 1, 'Toronto Ave.', 'Toronto', 'Ontario', 'K1B 3C6'),
    (2, 'Mariott', '5-Star', 5, 5, 'Raptors Way', 'Toronto', 'Ontario', 'K4K 8C6'),
    (3, 'Mariott', '5-Star', 5, 1, 'Parliament Ave.', 'Ottawa', 'Ontario', 'n1J 3C6'),
    (4, 'Mariott', '4-Star', 5, 6, 'Vancouver Ave.', 'Vancouver', 'British Columbia', 'N1M 3C6'),
    (5, 'Mariott', '4-Star', 5, 1, 'Edmonton Ave.', 'Edmonton', 'Ontario', 'K1M 3C6'),
    (6, 'Mariott', '4-Star', 5, 1, 'West Vancouver Ave.', 'Vancouver', 'British Columbia', 'P1K 3C6'),
    (7, 'Mariott', '3-Star', 5, 1, 'New York Ave.', 'Los Angelos', 'California', '90220'),
    (8, 'Mariott', '3-Star', 5, 1, 'Boardwalk Ave.', 'Toronto', 'Ontario', 'K4K 4C6');

INSERT INTO Hotel 
    (HotelID, CompanyName, Category, NumberOfRooms, StreetNumber, StreetName, City, State, PostalCode)
VALUES
    (1, 'Holiday Inn', '5-Star', 5, 1, 'Toronto Ave.', 'Toronto', 'Ontario', 'K1c 3C6'),
    (2, 'Holiday Inn', '5-Star', 5, 5, 'Raptors Way', 'Toronto', 'Ontario', 'K4K 9C6'),
    (3, 'Holiday Inn', '5-Star', 5, 1, 'Parliament Ave.', 'Ottawa', 'Ontario', 'O1J 3C6'),
    (4, 'Holiday Inn', '4-Star', 5, 6, 'Vancouver Ave.', 'Vancouver', 'British Columbia', 'P1M 3C6'),
    (5, 'Holiday Inn', '4-Star', 5, 1, 'Edmonton Ave.', 'Edmonton', 'Ontario', 'K1M 4C6'),
    (6, 'Holiday Inn', '4-Star', 5, 1, 'West Vancouver Ave.', 'Vancouver', 'British Columbia', 'P1M 3C6'),
    (7, 'Holiday Inn', '3-Star', 5, 1, 'New York Ave.', 'Los Angelos', 'California', '90221'),
    (8, 'Holiday Inn', '3-Star', 5, 1, 'Boardwalk Ave.', 'Toronto', 'Ontario', 'K4K 5C6');

INSERT INTO Hotel 
    (HotelID, CompanyName, Category, NumberOfRooms, StreetNumber, StreetName, City, State, PostalCode)
VALUES
    (1, 'BrookStreet Hotels', '5-Star', 5, 1, 'Toronto Ave.', 'Toronto', 'Ontario', 'K1D 3C6'),
    (2, 'BrookStreet Hotels', '5-Star', 5, 5, 'Raptors Way', 'Toronto', 'Ontario', 'K5K 9C6'),
    (3, 'BrookStreet Hotels', '5-Star', 5, 1, 'Parliament Ave.', 'Ottawa', 'Ontario', 'L1J 3C6'),
    (4, 'BrookStreet Hotels', '4-Star', 5, 6, 'Vancouver Ave.', 'Vancouver', 'British Columbia', 'P2M 3C6'),
    (5, 'BrookStreet Hotels', '4-Star', 5, 1, 'Edmonton Ave.', 'Edmonton', 'Ontario', 'K1M PC6'),
    (6, 'BrookStreet Hotels', '4-Star', 5, 1, 'West Vancouver Ave.', 'Vancouver', 'British Columbia', 'P4M 3C6'),
    (7, 'BrookStreet Hotels', '3-Star', 5, 1, 'New York Ave.', 'Los Angelos', 'California', '91221'),
    (8, 'BrookStreet Hotels', '3-Star', 5, 1, 'Boardwalk Ave.', 'Toronto', 'Ontario', 'K8K 5C6');

INSERT INTO Hotel 
    (HotelID, CompanyName, Category, NumberOfRooms, StreetNumber, StreetName, City, State, PostalCode)
VALUES
    (1, 'WestIn Hotels', '5-Star', 5, 1, 'Toronto Ave.', 'Toronto', 'Ontario', 'K2D 3C6'),
    (2, 'WestIn Hotels', '5-Star', 5, 5, 'Raptors Way', 'Toronto', 'Ontario', 'K6K 9C6'),
    (3, 'WestIn Hotels', '5-Star', 5, 1, 'Parliament Ave.', 'Ottawa', 'Ontario', 'M1J 3C6'),
    (4, 'WestIn Hotels', '4-Star', 5, 6, 'Vancouver Ave.', 'Vancouver', 'British Columbia', 'P2N 3C6'),
    (5, 'WestIn Hotels', '4-Star', 5, 1, 'Edmonton Ave.', 'Edmonton', 'Ontario', 'K2M PC6'),
    (6, 'WestIn Hotels', '4-Star', 5, 1, 'West Vancouver Ave.', 'Vancouver', 'British Columbia', 'P5M 3C6'),
    (7, 'WestIn Hotels', '3-Star', 5, 1, 'New York Ave.', 'Los Angelos', 'California', '94221'),
    (8, 'WestIn Hotels', '3-Star', 5, 1, 'Boardwalk Ave.', 'Toronto', 'Ontario', 'K8K 6C6');

INSERT INTO Room
    (RoomNumber, CompanyName, HotelID, ViewType, Price, Capacity, Expandable)
VALUES
    (1, 'Tipton Hotels', 1, 'Ocean', 100, 2, 'Not expandable'),
    (2, 'Tipton Hotels', 1, 'Ocean', 150, 4, 'Not expandable'),
    (3, 'Tipton Hotels', 1, 'Ocean', 300, 6, 'Sofa Bed'),
    (4, 'Tipton Hotels', 1, 'Ocean', 1000, 10, 'Not expandable'),
    (5, 'Tipton Hotels', 1, 'Ocean', 800, 8, 'Not expandable');

INSERT INTO Room
    (RoomNumber, CompanyName, HotelID, ViewType, Price, Capacity, Expandable)
VALUES
    (1, 'Tipton Hotels', 2, 'Ocean', 100, 2, 'Not expandable'),
    (2, 'Tipton Hotels', 2, 'Ocean', 150, 4, 'Not expandable'),
    (3, 'Tipton Hotels', 2, 'Ocean', 300, 6, 'Sofa Bed'),
    (4, 'Tipton Hotels', 2, 'Ocean', 1000, 10, 'Not expandable'),
    (5, 'Tipton Hotels', 2, 'Ocean', 800, 8, 'Not expandable');

INSERT INTO Room
    (RoomNumber, CompanyName, HotelID, ViewType, Price, Capacity, Expandable)
VALUES
    (1, 'Tipton Hotels', 3, 'Ocean', 100, 2, 'Not expandable'),
    (2, 'Tipton Hotels', 3, 'Ocean', 150, 4, 'Not expandable'),
    (3, 'Tipton Hotels', 3, 'Ocean', 300, 6, 'Sofa Bed'),
    (4, 'Tipton Hotels', 3, 'Ocean', 1000, 10, 'Not expandable'),
    (5, 'Tipton Hotels', 3, 'Ocean', 800, 8, 'Not expandable');


INSERT INTO Room
    (RoomNumber, CompanyName, HotelID, ViewType, Price, Capacity, Expandable)
VALUES
    (1, 'Tipton Hotels', 4, 'Ocean', 100, 2, 'Not expandable'),
    (2, 'Tipton Hotels', 4, 'Ocean', 150, 4, 'Not expandable'),
    (3, 'Tipton Hotels', 4, 'Ocean', 300, 6, 'Sofa Bed'),
    (4, 'Tipton Hotels', 4, 'Ocean', 1000, 10, 'Not expandable'),
    (5, 'Tipton Hotels', 4, 'Ocean', 800, 8, 'Not expandable');


INSERT INTO Room
    (RoomNumber, CompanyName, HotelID, ViewType, Price, Capacity, Expandable)
VALUES
    (1, 'Tipton Hotels', 5, 'Ocean', 100, 2, 'Not expandable'),
    (2, 'Tipton Hotels', 5, 'Ocean', 150, 4, 'Not expandable'),
    (3, 'Tipton Hotels', 5, 'Ocean', 300, 6, 'Sofa Bed'),
    (4, 'Tipton Hotels', 5, 'Ocean', 1000, 10, 'Not expandable'),
    (5, 'Tipton Hotels', 5, 'Ocean', 800, 8, 'Not expandable');

INSERT INTO Room
    (RoomNumber, CompanyName, HotelID, ViewType, Price, Capacity, Expandable)
VALUES
    (1, 'Tipton Hotels', 6, 'Ocean', 100, 2, 'Not expandable'),
    (2, 'Tipton Hotels', 6, 'Ocean', 150, 4, 'Not expandable'),
    (3, 'Tipton Hotels', 6, 'Ocean', 300, 6, 'Sofa Bed'),
    (4, 'Tipton Hotels', 6, 'Ocean', 1000, 10, 'Not expandable'),
    (5, 'Tipton Hotels', 6, 'Ocean', 800, 8, 'Not expandable');

INSERT INTO Room
    (RoomNumber, CompanyName, HotelID, ViewType, Price, Capacity, Expandable)
VALUES
    (1, 'Tipton Hotels', 7, 'Ocean', 100, 2, 'Not expandable'),
    (2, 'Tipton Hotels', 7, 'Ocean', 150, 4, 'Not expandable'),
    (3, 'Tipton Hotels', 7, 'Ocean', 300, 6, 'Sofa Bed'),
    (4, 'Tipton Hotels', 7, 'Ocean', 1000, 10, 'Not expandable'),
    (5, 'Tipton Hotels', 7, 'Ocean', 800, 8, 'Not expandable');

INSERT INTO Room
    (RoomNumber, CompanyName, HotelID, ViewType, Price, Capacity, Expandable)
VALUES
    (1, 'Tipton Hotels', 8, 'Ocean', 100, 2, 'Not expandable'),
    (2, 'Tipton Hotels', 8, 'Ocean', 150, 4, 'Not expandable'),
    (3, 'Tipton Hotels', 8, 'Ocean', 300, 6, 'Sofa Bed'),
    (4, 'Tipton Hotels', 8, 'Ocean', 1000, 10, 'Not expandable'),
    (5, 'Tipton Hotels', 8, 'Ocean', 800, 8, 'Not expandable');

INSERT INTO Room
    (RoomNumber, CompanyName, HotelID, ViewType, Price, Capacity, Expandable)
VALUES
    (1, 'Mariott', 1, 'Ocean', 100, 2, 'Not expandable'),
    (2, 'Mariott', 1, 'Ocean', 150, 4, 'Not expandable'),
    (3, 'Mariott', 1, 'Ocean', 300, 6, 'Sofa Bed'),
    (4, 'Mariott', 1, 'Ocean', 1000, 10, 'Not expandable'),
    (5, 'Mariott', 1, 'Ocean', 800, 8, 'Not expandable');

INSERT INTO Room
    (RoomNumber, CompanyName, HotelID, ViewType, Price, Capacity, Expandable)
VALUES
    (1, 'Mariott', 2, 'Ocean', 100, 2, 'Not expandable'),
    (2, 'Mariott', 2, 'Ocean', 150, 4, 'Not expandable'),
    (3, 'Mariott', 2, 'Ocean', 300, 6, 'Sofa Bed'),
    (4, 'Mariott', 2, 'Ocean', 1000, 10, 'Not expandable'),
    (5, 'Mariott', 2, 'Ocean', 800, 8, 'Not expandable');

INSERT INTO Room
    (RoomNumber, CompanyName, HotelID, ViewType, Price, Capacity, Expandable)
VALUES
    (1, 'Mariott', 3, 'Ocean', 100, 2, 'Not expandable'),
    (2, 'Mariott', 3, 'Ocean', 150, 4, 'Not expandable'),
    (3, 'Mariott', 3, 'Ocean', 300, 6, 'Sofa Bed'),
    (4, 'Mariott', 3, 'Ocean', 1000, 10, 'Not expandable'),
    (5, 'Mariott', 3, 'Ocean', 800, 8, 'Not expandable');


INSERT INTO Room
    (RoomNumber, CompanyName, HotelID, ViewType, Price, Capacity, Expandable)
VALUES
    (1, 'Mariott', 4, 'Ocean', 100, 2, 'Not expandable'),
    (2, 'Mariott', 4, 'Ocean', 150, 4, 'Not expandable'),
    (3, 'Mariott', 4, 'Ocean', 300, 6, 'Sofa Bed'),
    (4, 'Mariott', 4, 'Ocean', 1000, 10, 'Not expandable'),
    (5, 'Mariott', 4, 'Ocean', 800, 8, 'Not expandable');


INSERT INTO Room
    (RoomNumber, CompanyName, HotelID, ViewType, Price, Capacity, Expandable)
VALUES
    (1, 'Mariott', 5, 'Ocean', 100, 2, 'Not expandable'),
    (2, 'Mariott', 5, 'Ocean', 150, 4, 'Not expandable'),
    (3, 'Mariott', 5, 'Ocean', 300, 6, 'Sofa Bed'),
    (4, 'Mariott', 5, 'Ocean', 1000, 10, 'Not expandable'),
    (5, 'Mariott', 5, 'Ocean', 800, 8, 'Not expandable');

INSERT INTO Room
    (RoomNumber, CompanyName, HotelID, ViewType, Price, Capacity, Expandable)
VALUES
    (1, 'Mariott', 6, 'Ocean', 100, 2, 'Not expandable'),
    (2, 'Mariott', 6, 'Ocean', 150, 4, 'Not expandable'),
    (3, 'Mariott', 6, 'Ocean', 300, 6, 'Sofa Bed'),
    (4, 'Mariott', 6, 'Ocean', 1000, 10, 'Not expandable'),
    (5, 'Mariott', 6, 'Ocean', 800, 8, 'Not expandable');

INSERT INTO Room
    (RoomNumber, CompanyName, HotelID, ViewType, Price, Capacity, Expandable)
VALUES
    (1, 'Mariott', 7, 'Ocean', 100, 2, 'Not expandable'),
    (2, 'Mariott', 7, 'Ocean', 150, 4, 'Not expandable'),
    (3, 'Mariott', 7, 'Ocean', 300, 6, 'Sofa Bed'),
    (4, 'Mariott', 7, 'Ocean', 1000, 10, 'Not expandable'),
    (5, 'Mariott', 7, 'Ocean', 800, 8, 'Not expandable');

INSERT INTO Room
    (RoomNumber, CompanyName, HotelID, ViewType, Price, Capacity, Expandable)
VALUES
    (1, 'Mariott', 8, 'Ocean', 100, 2, 'Not expandable'),
    (2, 'Mariott', 8, 'Ocean', 150, 4, 'Not expandable'),
    (3, 'Mariott', 8, 'Ocean', 300, 6, 'Sofa Bed'),
    (4, 'Mariott', 8, 'Ocean', 1000, 10, 'Not expandable'),
    (5, 'Mariott', 8, 'Ocean', 800, 8, 'Not expandable');

INSERT INTO Room
    (RoomNumber, CompanyName, HotelID, ViewType, Price, Capacity, Expandable)
VALUES
    (1, 'Holiday Inn', 1, 'Ocean', 100, 2, 'Not expandable'),
    (2, 'Holiday Inn', 1, 'Ocean', 150, 4, 'Not expandable'),
    (3, 'Holiday Inn', 1, 'Ocean', 300, 6, 'Sofa Bed'),
    (4, 'Holiday Inn', 1, 'Ocean', 1000, 10, 'Not expandable'),
    (5, 'Holiday Inn', 1, 'Ocean', 800, 8, 'Not expandable');

INSERT INTO Room
    (RoomNumber, CompanyName, HotelID, ViewType, Price, Capacity, Expandable)
VALUES
    (1, 'Holiday Inn', 2, 'Ocean', 100, 2, 'Not expandable'),
    (2, 'Holiday Inn', 2, 'Ocean', 150, 4, 'Not expandable'),
    (3, 'Holiday Inn', 2, 'Ocean', 300, 6, 'Sofa Bed'),
    (4, 'Holiday Inn', 2, 'Ocean', 1000, 10, 'Not expandable'),
    (5, 'Holiday Inn', 2, 'Ocean', 800, 8, 'Not expandable');

INSERT INTO Room
    (RoomNumber, CompanyName, HotelID, ViewType, Price, Capacity, Expandable)
VALUES
    (1, 'Holiday Inn', 3, 'Ocean', 100, 2, 'Not expandable'),
    (2, 'Holiday Inn', 3, 'Ocean', 150, 4, 'Not expandable'),
    (3, 'Holiday Inn', 3, 'Ocean', 300, 6, 'Sofa Bed'),
    (4, 'Holiday Inn', 3, 'Ocean', 1000, 10, 'Not expandable'),
    (5, 'Holiday Inn', 3, 'Ocean', 800, 8, 'Not expandable');

INSERT INTO Room
    (RoomNumber, CompanyName, HotelID, ViewType, Price, Capacity, Expandable)
VALUES
    (1, 'Holiday Inn', 4, 'Ocean', 100, 2, 'Not expandable'),
    (2, 'Holiday Inn', 4, 'Ocean', 150, 4, 'Not expandable'),
    (3, 'Holiday Inn', 4, 'Ocean', 300, 6, 'Sofa Bed'),
    (4, 'Holiday Inn', 4, 'Ocean', 1000, 10, 'Not expandable'),
    (5, 'Holiday Inn', 4, 'Ocean', 800, 8, 'Not expandable');

INSERT INTO Room
    (RoomNumber, CompanyName, HotelID, ViewType, Price, Capacity, Expandable)
VALUES
    (1, 'Holiday Inn', 5, 'Ocean', 100, 2, 'Not expandable'),
    (2, 'Holiday Inn', 5, 'Ocean', 150, 4, 'Not expandable'),
    (3, 'Holiday Inn', 5, 'Ocean', 300, 6, 'Sofa Bed'),
    (4, 'Holiday Inn', 5, 'Ocean', 1000, 10, 'Not expandable'),
    (5, 'Holiday Inn', 5, 'Ocean', 800, 8, 'Not expandable');

INSERT INTO Room
    (RoomNumber, CompanyName, HotelID, ViewType, Price, Capacity, Expandable)
VALUES
    (1, 'Holiday Inn', 6, 'Ocean', 100, 2, 'Not expandable'),
    (2, 'Holiday Inn', 6, 'Ocean', 150, 4, 'Not expandable'),
    (3, 'Holiday Inn', 6, 'Ocean', 300, 6, 'Sofa Bed'),
    (4, 'Holiday Inn', 6, 'Ocean', 1000, 10, 'Not expandable'),
    (5, 'Holiday Inn', 6, 'Ocean', 800, 8, 'Not expandable');

INSERT INTO Room
    (RoomNumber, CompanyName, HotelID, ViewType, Price, Capacity, Expandable)
VALUES
    (1, 'Holiday Inn', 7, 'Ocean', 100, 2, 'Not expandable'),
    (2, 'Holiday Inn', 7, 'Ocean', 150, 4, 'Not expandable'),
    (3, 'Holiday Inn', 7, 'Ocean', 300, 6, 'Sofa Bed'),
    (4, 'Holiday Inn', 7, 'Ocean', 1000, 10, 'Not expandable'),
    (5, 'Holiday Inn', 7, 'Ocean', 800, 8, 'Not expandable');

INSERT INTO Room
    (RoomNumber, CompanyName, HotelID, ViewType, Price, Capacity, Expandable)
VALUES
    (1, 'Holiday Inn', 8, 'Ocean', 100, 2, 'Not expandable'),
    (2, 'Holiday Inn', 8, 'Ocean', 150, 4, 'Not expandable'),
    (3, 'Holiday Inn', 8, 'Ocean', 300, 6, 'Sofa Bed'),
    (4, 'Holiday Inn', 8, 'Ocean', 1000, 10, 'Not expandable'),
    (5, 'Holiday Inn', 8, 'Ocean', 800, 8, 'Not expandable');

INSERT INTO Room
    (RoomNumber, CompanyName, HotelID, ViewType, Price, Capacity, Expandable)
VALUES
    (1, 'BrookStreet Hotels', 1, 'Ocean', 100, 2, 'Not expandable'),
    (2, 'BrookStreet Hotels', 1, 'Ocean', 150, 4, 'Not expandable'),
    (3, 'BrookStreet Hotels', 1, 'Ocean', 300, 6, 'Sofa Bed'),
    (4, 'BrookStreet Hotels', 1, 'Ocean', 1000, 10, 'Not expandable'),
    (5, 'BrookStreet Hotels', 1, 'Ocean', 800, 8, 'Not expandable');

INSERT INTO Room
    (RoomNumber, CompanyName, HotelID, ViewType, Price, Capacity, Expandable)
VALUES
    (1, 'BrookStreet Hotels', 2, 'Ocean', 100, 2, 'Not expandable'),
    (2, 'BrookStreet Hotels', 2, 'Ocean', 150, 4, 'Not expandable'),
    (3, 'BrookStreet Hotels', 2, 'Ocean', 300, 6, 'Sofa Bed'),
    (4, 'BrookStreet Hotels', 2, 'Ocean', 1000, 10, 'Not expandable'),
    (5, 'BrookStreet Hotels', 2, 'Ocean', 800, 8, 'Not expandable');

INSERT INTO Room
    (RoomNumber, CompanyName, HotelID, ViewType, Price, Capacity, Expandable)
VALUES
    (1, 'BrookStreet Hotels', 3, 'Ocean', 100, 2, 'Not expandable'),
    (2, 'BrookStreet Hotels', 3, 'Ocean', 150, 4, 'Not expandable'),
    (3, 'BrookStreet Hotels', 3, 'Ocean', 300, 6, 'Sofa Bed'),
    (4, 'BrookStreet Hotels', 3, 'Ocean', 1000, 10, 'Not expandable'),
    (5, 'BrookStreet Hotels', 3, 'Ocean', 800, 8, 'Not expandable');

INSERT INTO Room
    (RoomNumber, CompanyName, HotelID, ViewType, Price, Capacity, Expandable)
VALUES
    (1, 'BrookStreet Hotels', 4, 'Ocean', 100, 2, 'Not expandable'),
    (2, 'BrookStreet Hotels', 4, 'Ocean', 150, 4, 'Not expandable'),
    (3, 'BrookStreet Hotels', 4, 'Ocean', 300, 6, 'Sofa Bed'),
    (4, 'BrookStreet Hotels', 4, 'Ocean', 1000, 10, 'Not expandable'),
    (5, 'BrookStreet Hotels', 4, 'Ocean', 800, 8, 'Not expandable');

INSERT INTO Room
    (RoomNumber, CompanyName, HotelID, ViewType, Price, Capacity, Expandable)
VALUES
    (1, 'BrookStreet Hotels', 5, 'Ocean', 100, 2, 'Not expandable'),
    (2, 'BrookStreet Hotels', 5, 'Ocean', 150, 4, 'Not expandable'),
    (3, 'BrookStreet Hotels', 5, 'Ocean', 300, 6, 'Sofa Bed'),
    (4, 'BrookStreet Hotels', 5, 'Ocean', 1000, 10, 'Not expandable'),
    (5, 'BrookStreet Hotels', 5, 'Ocean', 800, 8, 'Not expandable');

INSERT INTO Room
    (RoomNumber, CompanyName, HotelID, ViewType, Price, Capacity, Expandable)
VALUES
    (1, 'BrookStreet Hotels', 6, 'Ocean', 100, 2, 'Not expandable'),
    (2, 'BrookStreet Hotels', 6, 'Ocean', 150, 4, 'Not expandable'),
    (3, 'BrookStreet Hotels', 6, 'Ocean', 300, 6, 'Sofa Bed'),
    (4, 'BrookStreet Hotels', 6, 'Ocean', 1000, 10, 'Not expandable'),
    (5, 'BrookStreet Hotels', 6, 'Ocean', 800, 8, 'Not expandable');

INSERT INTO Room
    (RoomNumber, CompanyName, HotelID, ViewType, Price, Capacity, Expandable)
VALUES
    (1, 'BrookStreet Hotels', 7, 'Ocean', 100, 2, 'Not expandable'),
    (2, 'BrookStreet Hotels', 7, 'Ocean', 150, 4, 'Not expandable'),
    (3, 'BrookStreet Hotels', 7, 'Ocean', 300, 6, 'Sofa Bed'),
    (4, 'BrookStreet Hotels', 7, 'Ocean', 1000, 10, 'Not expandable'),
    (5, 'BrookStreet Hotels', 7, 'Ocean', 800, 8, 'Not expandable');

INSERT INTO Room
    (RoomNumber, CompanyName, HotelID, ViewType, Price, Capacity, Expandable)
VALUES
    (1, 'BrookStreet Hotels', 8, 'Ocean', 100, 2, 'Not expandable'),
    (2, 'BrookStreet Hotels', 8, 'Ocean', 150, 4, 'Not expandable'),
    (3, 'BrookStreet Hotels', 8, 'Ocean', 300, 6, 'Sofa Bed'),
    (4, 'BrookStreet Hotels', 8, 'Ocean', 1000, 10, 'Not expandable'),
    (5, 'BrookStreet Hotels', 8, 'Ocean', 800, 8, 'Not expandable');
INSERT INTO Room
    (RoomNumber, CompanyName, HotelID, ViewType, Price, Capacity, Expandable)
VALUES
    (1, 'WestIn Hotels', 1, 'Ocean', 100, 2, 'Not expandable'),
    (2, 'WestIn Hotels', 1, 'Ocean', 150, 4, 'Not expandable'),
    (3, 'WestIn Hotels', 1, 'Ocean', 300, 6, 'Sofa Bed'),
    (4, 'WestIn Hotels', 1, 'Ocean', 1000, 10, 'Not expandable'),
    (5, 'WestIn Hotels', 1, 'Ocean', 800, 8, 'Not expandable');

INSERT INTO Room
    (RoomNumber, CompanyName, HotelID, ViewType, Price, Capacity, Expandable)
VALUES
    (1, 'WestIn Hotels', 2, 'Ocean', 100, 2, 'Not expandable'),
    (2, 'WestIn Hotels', 2, 'Ocean', 150, 4, 'Not expandable'),
    (3, 'WestIn Hotels', 2, 'Ocean', 300, 6, 'Sofa Bed'),
    (4, 'WestIn Hotels', 2, 'Ocean', 1000, 10, 'Not expandable'),
    (5, 'WestIn Hotels', 2, 'Ocean', 800, 8, 'Not expandable');

INSERT INTO Room
    (RoomNumber, CompanyName, HotelID, ViewType, Price, Capacity, Expandable)
VALUES
    (1, 'WestIn Hotels', 3, 'Ocean', 100, 2, 'Not expandable'),
    (2, 'WestIn Hotels', 3, 'Ocean', 150, 4, 'Not expandable'),
    (3, 'WestIn Hotels', 3, 'Ocean', 300, 6, 'Sofa Bed'),
    (4, 'WestIn Hotels', 3, 'Ocean', 1000, 10, 'Not expandable'),
    (5, 'WestIn Hotels', 3, 'Ocean', 800, 8, 'Not expandable');

INSERT INTO Room
    (RoomNumber, CompanyName, HotelID, ViewType, Price, Capacity, Expandable)
VALUES
    (1, 'WestIn Hotels', 4, 'Ocean', 100, 2, 'Not expandable'),
    (2, 'WestIn Hotels', 4, 'Ocean', 150, 4, 'Not expandable'),
    (3, 'WestIn Hotels', 4, 'Ocean', 300, 6, 'Sofa Bed'),
    (4, 'WestIn Hotels', 4, 'Ocean', 1000, 10, 'Not expandable'),
    (5, 'WestIn Hotels', 4, 'Ocean', 800, 8, 'Not expandable');

INSERT INTO Room
    (RoomNumber, CompanyName, HotelID, ViewType, Price, Capacity, Expandable)
VALUES
    (1, 'WestIn Hotels', 5, 'Ocean', 100, 2, 'Not expandable'),
    (2, 'WestIn Hotels', 5, 'Ocean', 150, 4, 'Not expandable'),
    (3, 'WestIn Hotels', 5, 'Ocean', 300, 6, 'Sofa Bed'),
    (4, 'WestIn Hotels', 5, 'Ocean', 1000, 10, 'Not expandable'),
    (5, 'WestIn Hotels', 5, 'Ocean', 800, 8, 'Not expandable');

INSERT INTO Room
    (RoomNumber, CompanyName, HotelID, ViewType, Price, Capacity, Expandable)
VALUES
    (1, 'WestIn Hotels', 6, 'Ocean', 100, 2, 'Not expandable'),
    (2, 'WestIn Hotels', 6, 'Ocean', 150, 4, 'Not expandable'),
    (3, 'WestIn Hotels', 6, 'Ocean', 300, 6, 'Sofa Bed'),
    (4, 'WestIn Hotels', 6, 'Ocean', 1000, 10, 'Not expandable'),
    (5, 'WestIn Hotels', 6, 'Ocean', 800, 8, 'Not expandable');

INSERT INTO Room
    (RoomNumber, CompanyName, HotelID, ViewType, Price, Capacity, Expandable)
VALUES
    (1, 'WestIn Hotels', 7, 'Ocean', 100, 2, 'Not expandable'),
    (2, 'WestIn Hotels', 7, 'Ocean', 150, 4, 'Not expandable'),
    (3, 'WestIn Hotels', 7, 'Ocean', 300, 6, 'Sofa Bed'),
    (4, 'WestIn Hotels', 7, 'Ocean', 1000, 10, 'Not expandable'),
    (5, 'WestIn Hotels', 7, 'Ocean', 800, 8, 'Not expandable');

INSERT INTO Room
    (RoomNumber, CompanyName, HotelID, ViewType, Price, Capacity, Expandable)
VALUES
    (1, 'WestIn Hotels', 8, 'Ocean', 100, 2, 'Not expandable'),
    (2, 'WestIn Hotels', 8, 'Ocean', 150, 4, 'Not expandable'),
    (3, 'WestIn Hotels', 8, 'Ocean', 300, 6, 'Sofa Bed'),
    (4, 'WestIn Hotels', 8, 'Ocean', 1000, 10, 'Not expandable'),
    (5, 'WestIn Hotels', 8, 'Ocean', 800, 8, 'Not expandable');